folder,animal,treatment,antibody,image,profile_id,density,area_um2,n_particles,dist_to_symmetric_nm,dist_to_asymmetric_nm,closer_terminal,distance_diff_nm,n_symmetric_terminals,n_asymmetric_terminals
E1 iba glut GA1 hippo,GA1,Control,GLUT,Tv36 (2).tif,65,45.09577215174424,0.17740022219999999,8,,,none,,0,0
E1 iba glut GA1 hippo,GA1,Control,GLUT,Tv1 (2).tif,84,28.683292099379944,0.0697270032,2,,252.65158853518324,asymmetric,,0,2
E1 iba glut GA1 hippo,GA1,Control,GLUT,Tv1 (2).tif,1,34.89798483226789,0.057309899400000044,2,,264.3126536698536,asymmetric,,0,2
E1 iba glut GA1 hippo,GA1,Control,GLUT,Tv31 (2).tif,54,24.475578873782208,0.040857052049999995,1,254.4819120393175,851.8163432336809,symmetric,597.3344311943633,1,1
E1 iba glut GA1 hippo,GA1,Control,GLUT,Tv31 (2).tif,53,29.257935067061577,0.06835752405,2,253.07999999999993,1136.4723689993016,symmetric,883.3923689993017,1,1
E1 iba glut GA1 hippo,GA1,Control,GLUT,Tv15 (2).tif,11,40.04156161938156,0.14984430570000007,6,806.2864574082837,,symmetric,,2,0
E1 iba glut GA1 hippo,GA1,Control,GLUT,Tv12 (2).tif,4,0.0,0.05274435285000001,0,,,none,,0,0
E1 iba glut GA1 hippo,GA1,Control,GLUT,Tv12 (2).tif,5,17.066667365717365,0.11718749519999999,2,,,none,,0,0
E1 iba glut GA1 hippo,GA1,Control,GLUT,Tv35 (2).tif,64,31.98449028567142,0.37518184259999987,12,,,none,,0,0
E1 iba glut GA1 hippo,GA1,Control,GLUT,Tv35 (2).tif,63,29.684453517002908,0.9095670225000004,27,,,none,,0,0
E1 iba glut GA1 hippo,GA1,Control,GLUT,Tv32 (2).tif,56,28.66779106731428,0.17441176365000002,5,309.4368114983251,132.57415472104645,asymmetric,-176.86265677727863,2,1
E1 iba glut GA1 hippo,GA1,Control,GLUT,Tv30 (2).tif,42,22.477634686054465,0.08897733360000003,2,640.0620364464683,369.78961603606814,asymmetric,-270.2724204104001,1,3
E1 iba glut GA1 hippo,GA1,Control,GLUT,Tv23 (2).tif,30,31.84144189741088,0.18843367770000005,6,,13.331537464267901,asymmetric,,0,3
E1 iba glut GA1 hippo,GA1,Control,GLUT,Tv37 (2).tif,66,30.918949837868755,0.19405575,6,,1049.7531211194373,asymmetric,,0,1
E1 iba glut GA1 hippo,GA1,Control,GLUT,Tv27 (2).tif,35,22.95783024641802,0.5226974793000001,12,,338.6138319932308,asymmetric,,0,1
E1 iba glut GA1 hippo,GA1,Control,GLUT,Tv22 (2).tif,24,60.26884338732241,0.08296160535000001,5,,300.02228202917956,asymmetric,,0,1
E1 iba glut GA1 hippo,GA1,Control,GLUT,Tv16 (2).tif,15,15.365525704626084,1.1714535738000007,18,0.0,93.58490585359372,symmetric,93.58490585359372,3,1
E1 iba glut GA1 hippo,GA1,Control,GLUT,Tv13 (2).tif,6,19.730941988940057,0.10136363490000001,2,850.9180854817929,,symmetric,,1,0
E1 iba glut GA1 hippo,GA1,Control,GLUT,Tv13 (2).tif,7,57.89368558228176,0.13818432735000002,8,181.6351492836546,,symmetric,,1,0
E1 iba glut GA1 hippo,GA1,Control,GLUT,Tv4 (2).tif,70,44.52467184775873,0.2245945806,10,,0.0,asymmetric,,0,1
E1 iba glut GA1 hippo,GA1,Control,GLUT,Tv14 (2).tif,8,32.879507924692575,0.06082816094999998,2,118.44928086445148,423.74822442105886,symmetric,305.29894355660736,1,1
E1 iba glut GA1 hippo,GA1,Control,GLUT,Tv3 (2).tif,41,31.41094111055406,0.9232451806500002,29,,,none,,0,0
E1 iba glut GA1 hippo,GA1,Control,GLUT,Tv33 (2).tif,61,34.50932855121792,0.20284370324999998,7,,39.20000707013524,asymmetric,,0,1
E1 iba glut GA1 hippo,GA1,Control,GLUT,Tv8 (2).tif,73,27.975163361823178,0.2144759593500001,6,,,none,,0,0
E1 iba glut GA1 hippo,GA1,Control,GLUT,Tv28 (2).tif,39,12.509400799063739,0.07993988010000004,1,0.0,0.0,equal,0.0,1,1
E1 iba glut GA1 hippo,GA1,Control,GLUT,Tv18 (2).tif,21,39.181434868377906,0.3573120802500001,14,,0.0,asymmetric,,0,2
E1 iba glut GA1 hippo,GA1,Control,GLUT,Tv38 (2).tif,69,27.61310848950519,0.3621468406500001,10,,,none,,0,0
E1 iba glut GA1 hippo,GA1,Control,GLUT,Tv20 (2).tif,22,31.939178452435105,0.09392852745000002,3,0.0,,symmetric,,1,0
E1 iba glut GA1 hippo,GA1,Control,GLUT,Tv11 (2).tif,3,28.979788022211086,0.20704085190000002,6,,,none,,0,0
E1 iba glut GA1 hippo,GA1,Control,GLUT,Tv34 (2).tif,62,64.93127880303987,0.10780628580000003,7,,,none,,0,0
E1 iba glut GA1 hippo,GA1,Control,GLUT,Tv10 (2).tif,85,34.9808404634157,1.4865280339500013,52,,,none,,0,0
E2 iba glut GA2 hippo,GA2,Control,GLUT,Tv40.tif,28,65.89411000085028,0.42492417,28,0.0,,symmetric,,3,0
E2 iba glut GA2 hippo,GA2,Control,GLUT,Tv36.tif,24,30.537020220469664,0.13098854999999995,4,346.7705293129739,,symmetric,,3,0
E2 iba glut GA2 hippo,GA2,Control,GLUT,Tv56.tif,39,40.194273583316175,0.42294582000000003,17,,,none,,0,0
E2 iba glut GA2 hippo,GA2,Control,GLUT,Tv20.tif,16,60.38460008524794,0.13248411000000004,8,685.2399652676426,,symmetric,,1,0
E2 iba glut GA2 hippo,GA2,Control,GLUT,Tv21.tif,17,43.99086776656472,0.29551587999999984,13,,,none,,0,0
E2 iba glut GA2 hippo,GA2,Control,GLUT,Tv14.tif,9,0.0,0.06740910000000004,0,,,none,,0,0
E2 iba glut GA2 hippo,GA2,Control,GLUT,Tv15.tif,10,66.5737297399497,0.09012563999999999,6,,,none,,0,0
E2 iba glut GA2 hippo,GA2,Control,GLUT,Tv7.tif,52,40.7785323210851,0.12261353500000002,5,,,none,,0,0
E2 iba glut GA2 hippo,GA2,Control,GLUT,Tv6.tif,40,56.48922499250997,0.33634733000000006,19,,0.0,asymmetric,,0,1
E2 iba glut GA2 hippo,GA2,Control,GLUT,Tv51.tif,34,64.05744525273248,0.10927691499999999,7,,5.008728929005501,asymmetric,,0,1
E2 iba glut GA2 hippo,GA2,Control,GLUT,Tv19.tif,14,21.3378330555681,0.04686511499999998,1,,,none,,0,0
E2 iba glut GA2 hippo,GA2,Control,GLUT,Tv18.tif,13,68.30981369522961,0.08783511000000002,6,,,none,,0,0
E2 iba glut GA2 hippo,GA2,Control,GLUT,Tv27.tif,20,38.19150894022785,0.44512512000000015,17,,40.40072800741849,asymmetric,,0,1
E2 iba glut GA2 hippo,GA2,Control,GLUT,Tv26.tif,19,25.56810191786331,0.11733370000000007,3,,925.388361716312,asymmetric,,0,1
E2 iba glut GA2 hippo,GA2,Control,GLUT,Tv12.tif,8,31.845298089505018,0.34541991000000016,11,,,none,,0,0
E2 iba glut GA2 hippo,GA2,Control,GLUT,Tv34.tif,23,46.06852370421335,0.08682718000000002,4,0.0,,symmetric,,3,0
E2 iba glut GA2 hippo,GA2,Control,GLUT,Tv34.tif,22,52.185730615623406,0.57486979,30,0.0,,symmetric,,3,0
E2 iba glut GA2 hippo,GA2,Control,GLUT,Tv64.tif,42,53.514529248205406,0.09343257000000002,5,,,none,,0,0
E2 iba glut GA2 hippo,GA2,Control,GLUT,Tv16.tif,12,25.22864563863257,0.07927496500000002,2,,,none,,0,0
E2 iba glut GA2 hippo,GA2,Control,GLUT,Tv16.tif,11,45.00958352491709,0.17773992500000002,8,,,none,,0,0
E2 iba glut GA2 hippo,GA2,Control,GLUT,Tv4.tif,27,27.045710089851394,0.33276996500000017,9,,,none,,0,0
E2 iba glut GA2 hippo,GA2,Control,GLUT,Tv4.tif,26,30.297093515420016,0.23104526500000003,7,,,none,,0,0
E2 iba glut GA2 hippo,GA2,Control,GLUT,Tv47.tif,31,41.48641587237082,1.51856936,63,413.70530574310993,,symmetric,,1,0
E2 iba glut GA2 hippo,GA2,Control,GLUT,Tv54.tif,38,48.14885932463324,0.10384462000000008,5,60.54683925714838,,symmetric,,2,0
E2 iba glut GA2 hippo,GA2,Control,GLUT,Tv54.tif,37,57.812277237314966,0.328649915,19,446.8884536436358,,symmetric,,2,0
E2 iba glut GA2 hippo,GA2,Control,GLUT,Tv5.tif,33,29.783010663782143,0.20145713500000004,6,,28.141034347835056,asymmetric,,0,1
E2 iba glut GA2 hippo,GA2,Control,GLUT,Tv29.tif,21,48.100206672158,1.3513455450000003,65,,,none,,0,0
E2 iba glut GA2 hippo,GA2,Control,GLUT,Tv61.tif,41,31.95780547028148,0.34420386,11,,,none,,0,0
E2 iba glut GA2 hippo,GA2,Control,GLUT,Tv49.tif,32,67.87380367913771,0.47146319,32,748.5743677150587,97.33120349793236,asymmetric,-651.2431642171263,1,1
E2 iba glut GA2 hippo,GA2,Control,GLUT,Tv43.tif,29,26.603775341758745,0.37588650000000007,10,383.9907436825377,119.29514849572922,asymmetric,-264.6955951868085,3,2
E2 iba glut GA2 hippo,GA2,Control,GLUT,Tv39.tif,25,66.67443423825544,0.4499475749999999,30,576.1354354663493,,symmetric,,1,0
E2 iba glut GA2 hippo,GA2,Control,GLUT,Tv44.tif,30,49.78332141244043,0.6026114600000002,30,,157.0955405253796,asymmetric,,0,2
E2 iba glut GA2 hippo,GA2,Control,GLUT,Tv11.tif,7,31.845186536364654,0.28261728,9,,,none,,0,0
E2 iba glut GA2 hippo,GA2,Control,GLUT,Tv2.tif,15,48.29540172235891,0.227764955,11,279.4194875093719,0.9453186116796574,asymmetric,-278.4741688976922,1,1
E2 iba glut GA2 hippo,GA2,Control,GLUT,Tv53.tif,36,31.217044556274995,0.48050673000000005,15,,,none,,0,0
E2 iba glut GA2 hippo,GA2,Control,GLUT,Tv52.tif,35,45.52698394455501,0.19768496,9,344.7085585015093,470.271549213856,symmetric,125.56299071234673,1,1
E2 iba glut GA2 hippo,GA2,Control,GLUT,Tv24.tif,18,80.47645818815435,0.074555965,6,4.244818535124643,0.0,asymmetric,-4.244818535124643,2,3
E3 iba1 glut GA3 hippo,GA3,Control,GLUT,Tv50.tif,174,12.603934406352483,0.396701525,5,0.0,30.009118648713045,symmetric,30.009118648713045,3,2
E3 iba1 glut GA3 hippo,GA3,Control,GLUT,Tv50.tif,123,59.455497634340055,0.30274744500000006,18,0.0,313.2393653422252,symmetric,313.2393653422252,3,2
E3 iba1 glut GA3 hippo,GA3,Control,GLUT,Tv52.tif,132,49.29745992668639,0.50712552,25,0.0,,symmetric,,1,0
E3 iba1 glut GA3 hippo,GA3,Control,GLUT,Tv74.tif,184,17.60403952149122,0.28402572000000004,5,635.9940880228369,822.4113714623443,symmetric,186.4172834395074,1,1
E3 iba1 glut GA3 hippo,GA3,Control,GLUT,Tv75.tif,185,55.131335245104246,0.054415515000000025,3,,7.734586189927035,asymmetric,,0,1
E3 iba1 glut GA3 hippo,GA3,Control,GLUT,Tv56.tif,178,23.326007606261193,0.17148240999999997,4,,334.2843714563995,asymmetric,,0,1
E3 iba1 glut GA3 hippo,GA3,Control,GLUT,Tv68.tif,181,18.77345662738395,0.42613356500000005,8,,60.046431351223156,asymmetric,,0,1
E3 iba1 glut GA3 hippo,GA3,Control,GLUT,Tv86.tif,192,35.10180217917657,0.7407027100000002,26,0.0,,symmetric,,1,0
E3 iba1 glut GA3 hippo,GA3,Control,GLUT,Tv62.tif,180,19.59430370982344,1.3269162499999996,26,,0.0,asymmetric,,0,1
E3 iba1 glut GA3 hippo,GA3,Control,GLUT,Tv54.tif,139,33.90653172884235,0.05898568499999999,2,783.9636024714414,595.6477146770563,asymmetric,-188.31588779438505,2,1
E3 iba1 glut GA3 hippo,GA3,Control,GLUT,Tv54.tif,138,51.55518411561727,0.6594875100000003,34,0.0,0.0,equal,0.0,2,1
E3 iba1 glut GA3 hippo,GA3,Control,GLUT,Tv54.tif,176,8.453028748729642,0.47320317,4,468.5631368078185,536.0353160007277,symmetric,67.47217919290915,2,1
E3 iba1 glut GA3 hippo,GA3,Control,GLUT,Tv51.tif,175,8.592462896048202,0.5819053350000001,5,,310.4144648691488,asymmetric,,0,2
E3 iba1 glut GA3 hippo,GA3,Control,GLUT,Tv80.tif,189,21.52557010633869,0.23228188499999994,5,828.0118654182266,307.13843784196087,asymmetric,-520.8734275762658,1,1
E3 iba1 glut GA3 hippo,GA3,Control,GLUT,Tv47.tif,119,25.570512844397363,0.54750564,14,374.50284189365516,425.07279376596193,symmetric,50.569951872306774,1,1
E3 iba1 glut GA3 hippo,GA3,Control,GLUT,Tv46.tif,170,26.15141851766516,0.38238843499999997,10,,,none,,0,0
E3 iba1 glut GA3 hippo,GA3,Control,GLUT,Tv46.tif,171,25.8085684705408,0.11624046499999996,3,,,none,,0,0
E3 iba1 glut GA3 hippo,GA3,Control,GLUT,Tv46.tif,172,30.60764781665086,0.16335786500000013,5,,,none,,0,0
E3 iba1 glut GA3 hippo,GA3,Control,GLUT,Tv78.tif,187,17.469264357922857,0.6296773450000004,11,,522.1432466287389,asymmetric,,0,2
E3 iba1 glut GA3 hippo,GA3,Control,GLUT,Tv72.tif,183,18.002325990529602,0.3332902650000001,6,,683.8745206541913,asymmetric,,0,1
E3 iba1 glut GA3 hippo,GA3,Control,GLUT,Tv85.tif,191,38.467093997613894,0.05199248999999999,2,,603.4590375493602,asymmetric,,0,1
E3 iba1 glut GA3 hippo,GA3,Control,GLUT,Tv55.tif,177,37.76702110071793,0.15886876500000002,6,0.0,,symmetric,,3,0
E3 iba1 glut GA3 hippo,GA3,Control,GLUT,Tv55.tif,144,60.45677555385368,0.23157040500000006,14,11.89831920903119,,symmetric,,3,0
E3 iba1 glut GA3 hippo,GA3,Control,GLUT,Tv48.tif,173,16.87968548419631,0.47394248,8,,,none,,0,0
E3 iba1 glut GA3 hippo,GA3,Control,GLUT,Tv76.tif,186,27.06635309695129,0.22167744500000003,6,501.059357761134,162.93372885931257,asymmetric,-338.1256289018214,1,1
E3 iba1 glut GA3 hippo,GA3,Control,GLUT,Tv43.tif,167,24.81920039816615,0.6043708000000002,15,,,none,,0,0
E3 iba1 glut GA3 hippo,GA3,Control,GLUT,Tv44.tif,168,49.21080629937689,0.22352814000000001,11,,,none,,0,0
E3 iba1 glut GA3 hippo,GA3,Control,GLUT,Tv45.tif,169,20.688893072068126,0.19334045500000005,4,,,none,,0,0
E3 iba1 glut GA3 hippo,GA3,Control,GLUT,Tv82.tif,190,54.52319817595909,0.09170408500000005,5,,0.0,asymmetric,,0,3
E3 iba1 glut GA3 hippo,GA3,Control,GLUT,Tv53.tif,133,66.30804886749367,0.37702813500000004,25,0.0,123.61301649160525,symmetric,123.61301649160525,2,1
E4 iba glut GA4 hippo,GA4,Control,GLUT,Tv11.tif,148,45.723169072848414,0.1749660000000001,8,,,none,,0,0
E4 iba glut GA4 hippo,GA4,Control,GLUT,Tv11.tif,147,14.577400432589217,0.20579801,3,,,none,,0,0
E4 iba glut GA4 hippo,GA4,Control,GLUT,Tv40.tif,165,23.56079313640366,0.8064244650000003,19,,0.0,asymmetric,,0,1
E4 iba glut GA4 hippo,GA4,Control,GLUT,Tv41.tif,166,15.269638530245375,0.26195774,4,,,none,,0,0
E4 iba glut GA4 hippo,GA4,Control,GLUT,Tv37.tif,162,12.613682950790377,1.3477427700000002,17,,,none,,0,0
E4 iba glut GA4 hippo,GA4,Control,GLUT,Tv20.tif,151,23.24883694787064,1.333400035,31,563.0495892903219,,symmetric,,2,0
E4 iba glut GA4 hippo,GA4,Control,GLUT,Tv21.tif,152,15.387681718388576,1.8196373250000006,28,,,none,,0,0
E4 iba glut GA4 hippo,GA4,Control,GLUT,Tv7.tif,182,16.82170743778944,0.356681985,6,,11.465627950715298,asymmetric,,0,1
E4 iba glut GA4 hippo,GA4,Control,GLUT,Tv6.tif,179,17.51862269008857,0.28541056500000006,5,,,none,,0,0
E4 iba glut GA4 hippo,GA4,Control,GLUT,Tv27.tif,156,21.206880756254325,0.14146352000000006,3,0.0,1136.2488855880124,symmetric,1136.2488855880124,1,1
E4 iba glut GA4 hippo,GA4,Control,GLUT,Tv1.tif,145,8.301431853103173,0.3613834400000001,3,,,none,,0,0
E4 iba glut GA4 hippo,GA4,Control,GLUT,Tv31.tif,160,14.979960277264828,0.2670234050000001,4,377.42941176470595,14.273568758396431,asymmetric,-363.1558430063095,1,4
E4 iba glut GA4 hippo,GA4,Control,GLUT,Tv28.tif,158,28.110178688675628,0.07114860499999999,2,,,none,,0,0
E4 iba glut GA4 hippo,GA4,Control,GLUT,Tv28.tif,157,46.80293810124223,0.23502798000000005,11,,,none,,0,0
E4 iba glut GA4 hippo,GA4,Control,GLUT,Tv17.tif,149,26.704852883396192,1.1608376999999999,31,,,none,,0,0
E4 iba glut GA4 hippo,GA4,Control,GLUT,Tv4.tif,164,14.984339866405623,0.6673633999999998,10,76.27127698096898,,symmetric,,1,0
E4 iba glut GA4 hippo,GA4,Control,GLUT,Tv22.tif,153,23.291043349217098,1.717398375,40,323.9028403703801,,symmetric,,2,0
E4 iba glut GA4 hippo,GA4,Control,GLUT,Tv38.tif,163,11.263322398524505,0.17756750000000002,2,,350.0324999357003,asymmetric,,0,1
E4 iba glut GA4 hippo,GA4,Control,GLUT,Tv32.tif,161,16.76842058686663,0.2385436350000001,4,830.8219206230611,1127.8884208998693,symmetric,297.06650027680814,1,1
E4 iba glut GA4 hippo,GA4,Control,GLUT,Tv10.tif,146,0.0,0.05713257,0,0.0,,symmetric,,3,0
E4 iba glut GA4 hippo,GA4,Control,GLUT,Tv3.tif,159,11.723286648617007,0.341201245,4,0.0,0.0,equal,0.0,1,2
E4 iba glut GA4 hippo,GA4,Control,GLUT,Tv2.tif,150,15.215970000437006,0.32860211999999994,5,,16.725788471698383,asymmetric,,0,2
E4 iba glut GA4 hippo,GA4,Control,GLUT,Tv8.tif,188,12.702515207570295,0.31489826499999996,4,,0.0,asymmetric,,0,1
E4 iba glut GA4 hippo,GA4,Control,GLUT,Tv24.tif,154,26.588840811454478,1.4667807549999996,39,,0.004808102878222735,asymmetric,,0,2
E4 iba glut GA4 hippo,GA4,Control,GLUT,Tv25.tif,155,24.949274616213486,1.6032530250000006,40,,,none,,0,0
F1 iba glut LPS1 hippo,LPS1,LPS,GLUT,Tv21.tif,294,48.21599609064702,0.29036007000000014,14,,0.0,asymmetric,,0,1
F1 iba glut LPS1 hippo,LPS1,LPS,GLUT,Tv14.tif,289,41.39919827495454,0.5072562,21,699.281135040478,660.2969332050543,asymmetric,-38.98420183542373,1,1
F1 iba glut LPS1 hippo,LPS1,LPS,GLUT,Tv7.tif,306,48.37958997852402,0.516746835,25,208.62168896654447,,symmetric,,1,0
F1 iba glut LPS1 hippo,LPS1,LPS,GLUT,Tv19.tif,292,43.38539819736707,0.23049229500000004,10,230.38632771933328,0.0,asymmetric,-230.38632771933328,1,1
F1 iba glut LPS1 hippo,LPS1,LPS,GLUT,Tv18.tif,291,30.715773509565086,0.586018125,18,0.0,421.5679665439333,symmetric,421.5679665439333,1,1
F1 iba glut LPS1 hippo,LPS1,LPS,GLUT,Tv27.tif,299,22.61033771320446,0.44227557000000006,10,,0.0,asymmetric,,0,3
F1 iba glut LPS1 hippo,LPS1,LPS,GLUT,Tv26.tif,298,39.40712764599159,0.22838508,9,,0.0,asymmetric,,0,3
F1 iba glut LPS1 hippo,LPS1,LPS,GLUT,Tv13.tif,313,45.590276255133766,0.17547601500000007,8,0.0,0.0,equal,0.0,2,3
F1 iba glut LPS1 hippo,LPS1,LPS,GLUT,Tv30.tif,303,64.32364570986209,0.18655658999999997,12,,0.0,asymmetric,,0,2
F1 iba glut LPS1 hippo,LPS1,LPS,GLUT,Tv29.tif,301,63.885461034620235,0.06261205500000001,4,587.8320225818385,,symmetric,,1,0
F1 iba glut LPS1 hippo,LPS1,LPS,GLUT,Tv29.tif,300,38.26671671953214,0.07839710999999999,3,1310.7274316195567,,symmetric,,1,0
F1 iba glut LPS1 hippo,LPS1,LPS,GLUT,Tv16.tif,290,23.006514294522496,0.47812544999999995,11,,437.43426581927815,asymmetric,,0,1
F1 iba glut LPS1 hippo,LPS1,LPS,GLUT,Tv4.tif,304,42.44634635910894,1.1308393799999998,48,,118.00787301407595,asymmetric,,0,1
F1 iba glut LPS1 hippo,LPS1,LPS,GLUT,Tv5.tif,305,37.57074134506313,0.5589455850000001,21,,,none,,0,0
F1 iba glut LPS1 hippo,LPS1,LPS,GLUT,Tv23.tif,295,0.0,0.04164336000000001,0,12.39055170860699,347.2730221455626,symmetric,334.8824704369556,1,1
F1 iba glut LPS1 hippo,LPS1,LPS,GLUT,Tv3.tif,302,40.095655912928606,1.0225546650000006,41,,,none,,0,0
F1 iba glut LPS1 hippo,LPS1,LPS,GLUT,Tv2.tif,293,15.979394251524779,0.5632253549999998,9,510.09290330291805,,symmetric,,1,0
F1 iba glut LPS1 hippo,LPS1,LPS,GLUT,Tv24.tif,296,77.4162653232364,0.09042027500000001,7,767.8795804030735,3.413795215420607,asymmetric,-764.465785187653,1,1
F1 iba glut LPS1 hippo,LPS1,LPS,GLUT,Tv25.tif,297,60.975610917980376,0.26239999500000005,16,,239.65362505082197,asymmetric,,0,1
F2 iba glut LPS2 hippo,LPS2,LPS,GLUT,Tv40.tif,380,30.926982168275245,0.09700267500000004,3,417.55107472020717,,symmetric,,2,0
F2 iba glut LPS2 hippo,LPS2,LPS,GLUT,Tv41.tif,381,30.04699236930338,0.13312480499999998,4,,,none,,0,0
F2 iba glut LPS2 hippo,LPS2,LPS,GLUT,Tv62.tif,391,26.242763115224342,0.3810574350000001,10,,83.3363269902532,asymmetric,,0,1
F2 iba glut LPS2 hippo,LPS2,LPS,GLUT,Tv50.tif,386,28.350529346908704,0.10581812999999998,3,,,none,,0,0
F2 iba glut LPS2 hippo,LPS2,LPS,GLUT,Tv64.tif,392,50.920232255908516,0.13746991499999997,7,,,none,,0,0
F2 iba glut LPS2 hippo,LPS2,LPS,GLUT,Tv65.tif,393,43.71066477277095,0.3431656800000003,15,0.0,0.0,equal,0.0,1,2
F2 iba glut LPS2 hippo,LPS2,LPS,GLUT,Tv60.tif,390,49.30990176111546,0.20279902500000002,10,,,none,,0,0
F2 iba glut LPS2 hippo,LPS2,LPS,GLUT,Tv54.tif,388,31.951375119288482,0.5633560349999996,18,,,none,,0,0
F2 iba glut LPS2 hippo,LPS2,LPS,GLUT,Tv49.tif,385,11.392266553518667,0.08777884500000006,1,0.0,,symmetric,,2,0
F2 iba glut LPS2 hippo,LPS2,LPS,GLUT,Tv48.tif,384,42.291133431274886,0.21281056500000006,9,522.8193655556381,,symmetric,,1,0
F2 iba glut LPS2 hippo,LPS2,LPS,GLUT,Tv42.tif,382,24.996717498356976,0.5200682849999999,13,,,none,,0,0
F2 iba glut LPS2 hippo,LPS2,LPS,GLUT,Tv34.tif,377,31.920800408324496,0.626550705,20,,2.56654977293224,asymmetric,,0,2
F2 iba glut LPS2 hippo,LPS2,LPS,GLUT,Tv39.tif,379,34.46002985444685,0.17411476500000006,6,152.26559033478316,123.20982103712352,asymmetric,-29.055769297659637,1,1
F2 iba glut LPS2 hippo,LPS2,LPS,GLUT,Tv38.tif,378,22.715489067319055,0.22011412500000002,5,,,none,,0,0
F2 iba glut LPS2 hippo,LPS2,LPS,GLUT,Tv45.tif,383,36.55038691051694,0.2735949150000001,10,56.95212564412857,21.736979172320897,asymmetric,-35.21514647180767,1,2
F2 iba glut LPS2 hippo,LPS2,LPS,GLUT,Tv33.tif,376,37.25076329142157,0.590591925,22,405.18840062370987,424.4831445416886,symmetric,19.294743917978735,1,1
F2 iba glut LPS2 hippo,LPS2,LPS,GLUT,Tv32.tif,375,19.105227312466145,0.26170848,5,,,none,,0,0
F2 iba glut LPS2 hippo,LPS2,LPS,GLUT,Tv58.tif,389,18.814298452909643,0.47835958500000003,9,,,none,,0,0
F2 iba glut LPS2 hippo,LPS2,LPS,GLUT,Tv52.tif,387,38.539951870418726,0.337312305,13,0.0,14.137454064542856,symmetric,14.137454064542856,2,2
J1 iba gaba GA1 hippo,GA1,Control,GABA,Tv40.tif,483,15.550781465645592,0.25722180000000017,4,165.0,421.21239298007373,symmetric,256.21239298007373,1,1
J1 iba gaba GA1 hippo,GA1,Control,GABA,Tv41.tif,484,7.861931896801135,0.25439040000000007,2,0.0,148.49999999999991,symmetric,148.49999999999991,1,1
J1 iba gaba GA1 hippo,GA1,Control,GABA,Tv37.tif,479,38.56312262571673,0.15558906000000006,6,,,none,,0,0
J1 iba gaba GA1 hippo,GA1,Control,GABA,Tv36.tif,478,26.05585998570966,0.15351633000000003,4,65.9574437554263,,symmetric,,1,0
J1 iba gaba GA1 hippo,GA1,Control,GABA,Tv74.tif,490,33.825348394746214,0.059127255000000004,2,,0.0,asymmetric,,0,1
J1 iba gaba GA1 hippo,GA1,Control,GABA,Tv75.tif,491,25.317718377346925,0.039498029999999996,1,,921.2912080335946,asymmetric,,0,1
J1 iba gaba GA1 hippo,GA1,Control,GABA,Tv21.tif,464,27.659050450046557,0.32539078,9,,,none,,0,0
J1 iba gaba GA1 hippo,GA1,Control,GABA,Tv14.tif,460,19.196317992638463,0.15627997000000005,3,0.0,,symmetric,,1,0
J1 iba gaba GA1 hippo,GA1,Control,GABA,Tv15.tif,461,12.71859387677606,0.31450017500000005,4,,,none,,0,0
J1 iba gaba GA1 hippo,GA1,Control,GABA,Tv6.tif,488,1.9786116042800528,0.5054049000000002,1,,,none,,0,0
J1 iba gaba GA1 hippo,GA1,Control,GABA,Tv18.tif,462,71.42007116474441,0.168019995,12,5.602572938339214,,symmetric,,3,0
J1 iba gaba GA1 hippo,GA1,Control,GABA,Tv27.tif,470,13.976167817136425,0.9301548299999999,13,,221.82393919502917,asymmetric,,0,1
J1 iba gaba GA1 hippo,GA1,Control,GABA,Tv26.tif,469,29.473132390756362,0.10178762,3,513.7565279390619,,symmetric,,1,0
J1 iba gaba GA1 hippo,GA1,Control,GABA,Tv13.tif,459,0.0,0.08268172000000003,0,,,none,,0,0
J1 iba gaba GA1 hippo,GA1,Control,GABA,Tv12.tif,458,19.957868938670465,0.55116105,11,,,none,,0,0
J1 iba gaba GA1 hippo,GA1,Control,GABA,Tv46.tif,486,40.40808121216163,0.3464653499999999,14,25.510442194211503,,symmetric,,1,0
J1 iba gaba GA1 hippo,GA1,Control,GABA,Tv30.tif,473,22.863692760745156,0.1312124000000001,3,,,none,,0,0
J1 iba gaba GA1 hippo,GA1,Control,GABA,Tv78.tif,493,22.349221674386925,0.17897715,4,541.4077970122106,,symmetric,,1,0
J1 iba gaba GA1 hippo,GA1,Control,GABA,Tv73.tif,489,34.62048128285224,0.14442318,5,,,none,,0,0
J1 iba gaba GA1 hippo,GA1,Control,GABA,Tv4.tif,482,18.269557732830098,0.328415175,6,0.0,,symmetric,,1,0
J1 iba gaba GA1 hippo,GA1,Control,GABA,Tv5.tif,487,14.715334250172237,0.13591264499999997,2,,91.11126206716543,asymmetric,,0,2
J1 iba gaba GA1 hippo,GA1,Control,GABA,Tv29.tif,471,35.91370941212129,0.4733568400000002,17,0.0,72.44057207641734,symmetric,72.44057207641734,1,1
J1 iba gaba GA1 hippo,GA1,Control,GABA,Tv23.tif,466,12.701563492607335,0.07873046500000004,1,202.39999999999986,,symmetric,,1,0
J1 iba gaba GA1 hippo,GA1,Control,GABA,Tv22.tif,465,9.20239379108969,0.4346695100000002,4,38.235392053429365,,symmetric,,1,0
J1 iba gaba GA1 hippo,GA1,Control,GABA,Tv76.tif,492,9.811139970579333,0.10192495500000001,1,,,none,,0,0
J1 iba gaba GA1 hippo,GA1,Control,GABA,gaba iba.tif,474,8.399151605056032,0.5952982200000001,5,,,none,,0,0
J1 iba gaba GA1 hippo,GA1,Control,GABA,Tv34.tif,477,14.584793483855972,0.47995194500000005,7,,0.0,asymmetric,,0,3
J1 iba gaba GA1 hippo,GA1,Control,GABA,Tv39.tif,481,27.15446955780304,0.11047905000000001,3,,0.0,asymmetric,,0,1
J1 iba gaba GA1 hippo,GA1,Control,GABA,Tv38.tif,480,61.56177292981093,0.048731540000000025,3,564.5743972232535,0.0,asymmetric,-564.5743972232535,1,1
J1 iba gaba GA1 hippo,GA1,Control,GABA,Tv44.tif,485,16.514227956953018,0.18166153500000004,3,370.3503077796978,,symmetric,,2,0
J1 iba gaba GA1 hippo,GA1,Control,GABA,Tv33.tif,476,22.47457423323777,0.3559577999999998,8,,,none,,0,0
J1 iba gaba GA1 hippo,GA1,Control,GABA,Tv32.tif,475,9.464443874719974,0.3169758350000001,3,0.0,441.94470560410787,symmetric,441.94470560410787,2,1
J1 iba gaba GA1 hippo,GA1,Control,GABA,Tv10.tif,456,17.813206945746,0.3929668600000002,7,,215.56913044311335,asymmetric,,0,1
J1 iba gaba GA1 hippo,GA1,Control,GABA,Tv11.tif,457,9.809786161744219,0.40775608500000005,4,538.4216284660191,63.1164318678941,asymmetric,-475.305196598125,1,1
J1 iba gaba GA1 hippo,GA1,Control,GABA,Tv82.tif,494,20.937267236474398,0.143285175,3,,420.6561660073462,asymmetric,,0,1
J1 iba gaba GA1 hippo,GA1,Control,GABA,Tv3.tif,472,38.72575235423529,0.2840487100000001,11,,,none,,0,0
J1 iba gaba GA1 hippo,GA1,Control,GABA,Tv2.tif,463,26.430972172653128,0.3783440100000001,10,,,none,,0,0
J1 iba gaba GA1 hippo,GA1,Control,GABA,Tv9.tif,495,9.674621873277973,0.7235424899999991,7,,0.0,asymmetric,,0,2
J1 iba gaba GA1 hippo,GA1,Control,GABA,Tv24.tif,467,25.694361205420115,0.23351427000000005,6,,,none,,0,0
J1 iba gaba GA1 hippo,GA1,Control,GABA,Tv25.tif,468,10.943554350451354,0.09137798999999996,1,,58.84365809893878,asymmetric,,0,1
J2 iba gaba GA2 hippo,GA2,Control,GABA,Tv37.tif,579,24.522900833557912,0.040778210000000016,1,1181.2996232963083,,symmetric,,1,0
J2 iba gaba GA2 hippo,GA2,Control,GABA,Tv37.tif,580,26.265782534160774,0.2284340850000001,6,150.3920917280087,,symmetric,,1,0
J2 iba gaba GA2 hippo,GA2,Control,GABA,Tv66.tif,597,23.17962307151332,0.17256535999999992,4,,,none,,0,0
J2 iba gaba GA2 hippo,GA2,Control,GABA,Tv66.tif,596,0.0,0.17240201000000002,0,,,none,,0,0
J2 iba gaba GA2 hippo,GA2,Control,GABA,Tv56.tif,588,11.748523088054544,1.9576928800000006,23,0.0,,symmetric,,1,0
J2 iba gaba GA2 hippo,GA2,Control,GABA,Tv20.tif,569,34.23768175287344,0.087622755,3,,,none,,0,0
J2 iba gaba GA2 hippo,GA2,Control,GABA,Tv21.tif,570,0.0,0.033499455000000004,0,,364.00693674709004,asymmetric,,0,1
J2 iba gaba GA2 hippo,GA2,Control,GABA,Tv7.tif,598,23.260124309893747,1.8486573600000002,43,,,none,,0,0
J2 iba gaba GA2 hippo,GA2,Control,GABA,Tv6.tif,590,42.37126774674205,0.18880719000000004,8,,,none,,0,0
J2 iba gaba GA2 hippo,GA2,Control,GABA,Tv6.tif,591,21.223504084812024,1.6491150500000007,35,,,none,,0,0
J2 iba gaba GA2 hippo,GA2,Control,GABA,Tv63.tif,595,8.232684647179243,0.36440118000000005,3,,,none,,0,0
J2 iba gaba GA2 hippo,GA2,Control,GABA,Tv62.tif,594,83.46349774931407,0.10783156999999997,9,,,none,,0,0
J2 iba gaba GA2 hippo,GA2,Control,GABA,Tv51.tif,586,17.869495145662295,0.44769032000000003,8,25.693530784353218,14.077924134016538,asymmetric,-11.61560665033668,1,2
J2 iba gaba GA2 hippo,GA2,Control,GABA,Tv26.tif,573,19.331172366011774,0.10345984000000003,2,,,none,,0,0
J2 iba gaba GA2 hippo,GA2,Control,GABA,Tv47.tif,584,15.669871902401262,0.31908365500000013,5,372.71175189414146,,symmetric,,2,0
J2 iba gaba GA2 hippo,GA2,Control,GABA,Tv30.tif,576,11.339179171560703,0.970087855,11,,,none,,0,0
J2 iba gaba GA2 hippo,GA2,Control,GABA,Tv25(2).tif,572,56.470293925409294,0.28333481000000005,16,723.3685644261853,,symmetric,,1,0
J2 iba gaba GA2 hippo,GA2,Control,GABA,Tv4.tif,582,18.44798955938396,2.1140515,39,,,none,,0,0
J2 iba gaba GA2 hippo,GA2,Control,GABA,Tv5.tif,585,17.115940573958287,2.103302465000001,36,,0.0,asymmetric,,0,1
J2 iba gaba GA2 hippo,GA2,Control,GABA,Tv29.tif,574,42.68878196013054,0.11712679000000004,5,368.95726699110946,,symmetric,,1,0
J2 iba gaba GA2 hippo,GA2,Control,GABA,Tv60.tif,592,0.0,0.02200142999999999,0,,,none,,0,0
J2 iba gaba GA2 hippo,GA2,Control,GABA,Tv61.tif,593,9.173575620920058,0.43603499500000004,4,,,none,,0,0
J2 iba gaba GA2 hippo,GA2,Control,GABA,Tv22.tif,571,12.475319918663404,0.16031653000000007,2,,,none,,0,0
J2 iba gaba GA2 hippo,GA2,Control,GABA,Tv13.tif,604,9.734196726298784,0.6163836800000003,6,,1.1626960346391315,asymmetric,,0,3
J2 iba gaba GA2 hippo,GA2,Control,GABA,Tv39.tif,581,13.522142102027807,0.22185834000000001,3,,0.0,asymmetric,,0,1
J2 iba gaba GA2 hippo,GA2,Control,GABA,Tv44.tif,583,28.79949405048853,0.3125054899999999,9,,,none,,0,0
J2 iba gaba GA2 hippo,GA2,Control,GABA,Tv33.tif,578,51.93561707744883,0.096273045,5,,,none,,0,0
J2 iba gaba GA2 hippo,GA2,Control,GABA,Tv32.tif,577,29.743797340041933,0.10086136500000005,3,,,none,,0,0
J2 iba gaba GA2 hippo,GA2,Control,GABA,Tv59.tif,589,21.90930260772735,0.09128542500000002,2,,,none,,0,0
J2 iba gaba GA2 hippo,GA2,Control,GABA,Tv3.tif,575,19.304592037569535,1.9166424199999998,37,956.8893614206402,,symmetric,,1,0
J2 iba gaba GA2 hippo,GA2,Control,GABA,Tv9.tif,600,28.448817650881924,1.476335520000002,42,,,none,,0,0
J2 iba gaba GA2 hippo,GA2,Control,GABA,Tv8.tif,599,28.787851144160186,2.2578969050000004,65,,,none,,0,0
J2 iba gaba GA2 hippo,GA2,Control,GABA,Tv53.tif,587,7.952249540699932,0.6287529050000003,5,124.30486716134646,,symmetric,,1,0
J3 iba gaba GA3 hippo,GA3,Control,GABA,Tv41.tif,689,14.067120331790948,1.3506673400000002,19,,,none,,0,0
J3 iba gaba GA3 hippo,GA3,Control,GABA,Tv37.tif,687,19.35195263298528,1.3952080450000002,27,,,none,,0,0
J3 iba gaba GA3 hippo,GA3,Control,GABA,Tv37.tif,688,0.0,0.016613905,0,,,none,,0,0
J3 iba gaba GA3 hippo,GA3,Control,GABA,Tv53.tif,703,77.58723358968584,0.038666155000000015,3,,31.223507483015077,asymmetric,,0,1
J3 iba gaba GA3 hippo,GA3,Control,GABA,Tv52.tif,701,50.05049469283325,0.07991928999999998,4,,,none,,0,0
J3 iba gaba GA3 hippo,GA3,Control,GABA,Tv52.tif,700,0.0,0.030230640000000013,0,,,none,,0,0
J3 iba gaba GA3 hippo,GA3,Control,GABA,Tv57.tif,706,10.0434915826878,0.19913393500000004,2,,,none,,0,0
J3 iba gaba GA3 hippo,GA3,Control,GABA,Tv56.tif,705,55.39431706008327,0.05415717999999999,3,,,none,,0,0
J3 iba gaba GA3 hippo,GA3,Control,GABA,Tv69.tif,713,39.687413114882055,0.22677214999999998,9,,,none,,0,0
J3 iba gaba GA3 hippo,GA3,Control,GABA,Tv20.tif,677,33.41576445494962,0.329185945,11,,297.3112064355381,asymmetric,,0,1
J3 iba gaba GA3 hippo,GA3,Control,GABA,Tv21.tif,678,31.094807757905745,0.35375681000000037,11,1226.7056778217016,0.0,asymmetric,-1226.7056778217016,1,1
J3 iba gaba GA3 hippo,GA3,Control,GABA,Tv14.tif,672,33.890889298629745,0.059012909999999995,2,562.5647784922197,167.36576045732647,asymmetric,-395.19901803489324,1,2
J3 iba gaba GA3 hippo,GA3,Control,GABA,Tv15.tif,673,31.063861941635817,0.064383495,2,92.64194514365516,,symmetric,,4,0
J3 iba gaba GA3 hippo,GA3,Control,GABA,Tv7.tif,714,15.840475907637483,0.44190591500000015,7,297.8854512144054,,symmetric,,1,0
J3 iba gaba GA3 hippo,GA3,Control,GABA,Tv45.tif,693,25.329163561997202,0.15792073000000006,4,,,none,,0,0
J3 iba gaba GA3 hippo,GA3,Control,GABA,Tv45.tif,692,45.6181149078118,0.08768446499999995,4,,,none,,0,0
J3 iba gaba GA3 hippo,GA3,Control,GABA,Tv6.tif,708,37.7424433023581,0.05299074000000002,2,149.94029023358672,,symmetric,,1,0
J3 iba gaba GA3 hippo,GA3,Control,GABA,Tv48.tif,696,19.616962460490207,0.15292887500000005,3,,,none,,0,0
J3 iba gaba GA3 hippo,GA3,Control,GABA,Tv48.tif,697,47.69564455297853,0.041932550000000006,2,,,none,,0,0
J3 iba gaba GA3 hippo,GA3,Control,GABA,Tv48.tif,695,80.26575187789254,0.049834454999999986,4,,,none,,0,0
J3 iba gaba GA3 hippo,GA3,Control,GABA,Tv50.tif,699,4.451744216755781,0.22463105500000005,1,,,none,,0,0
J3 iba gaba GA3 hippo,GA3,Control,GABA,Tv19.tif,675,27.392392308145,0.3650648650000003,10,,,none,,0,0
J3 iba gaba GA3 hippo,GA3,Control,GABA,Tv12.tif,671,15.463274086185251,0.12933871500000002,2,,689.0268644980398,asymmetric,,0,1
J3 iba gaba GA3 hippo,GA3,Control,GABA,Tv47.tif,694,61.45343519581621,0.04881745000000003,3,523.5179557570112,,symmetric,,1,0
J3 iba gaba GA3 hippo,GA3,Control,GABA,Tv30.tif,683,22.662502310343577,1.01489234,23,,,none,,0,0
J3 iba gaba GA3 hippo,GA3,Control,GABA,Tv22.tif,680,22.842154488000805,0.08755741500000004,2,,,none,,0,0
J3 iba gaba GA3 hippo,GA3,Control,GABA,Tv22.tif,679,25.486783687231448,0.5493043049999997,14,,,none,,0,0
J3 iba gaba GA3 hippo,GA3,Control,GABA,Tv17.tif,674,14.69740810840573,0.27215683,4,,,none,,0,0
J3 iba gaba GA3 hippo,GA3,Control,GABA,Tv29.tif,682,24.773085270736697,1.8568539000000004,46,,209.30372667489692,asymmetric,,0,3
J3 iba gaba GA3 hippo,GA3,Control,GABA,Tv60.tif,709,5.031467932530327,0.1987491550000001,1,,,none,,0,0
J3 iba gaba GA3 hippo,GA3,Control,GABA,Tv61.tif,710,16.789204071684196,0.6551829349999999,11,,,none,,0,0
J3 iba gaba GA3 hippo,GA3,Control,GABA,Tv55.tif,704,15.464359136853696,0.19399446000000006,3,,,none,,0,0
J3 iba gaba GA3 hippo,GA3,Control,GABA,Tv23.tif,681,17.714073022495462,0.39516603500000014,7,,,none,,0,0
J3 iba gaba GA3 hippo,GA3,Control,GABA,Tv49.tif,698,0.0,0.18075585,0,,,none,,0,0
J3 iba gaba GA3 hippo,GA3,Control,GABA,Tv43.tif,691,15.36651835415368,1.4316841000000005,22,713.3056848224329,,symmetric,,1,0
J3 iba gaba GA3 hippo,GA3,Control,GABA,Tv42.tif,690,22.250091698190403,0.08988727000000003,2,,,none,,0,0
J3 iba gaba GA3 hippo,GA3,Control,GABA,Tv35.tif,686,26.36272433694957,1.2138350950000003,32,,,none,,0,0
J3 iba gaba GA3 hippo,GA3,Control,GABA,Tv33.tif,685,24.055437012880574,1.0808367350000003,26,483.47596631063266,,symmetric,,1,0
J3 iba gaba GA3 hippo,GA3,Control,GABA,Tv32.tif,684,31.96902616961504,1.0009688700000001,32,,,none,,0,0
J3 iba gaba GA3 hippo,GA3,Control,GABA,Tv10.tif,669,23.47601507522369,0.29817667000000003,7,376.83790945179595,,symmetric,,1,0
J3 iba gaba GA3 hippo,GA3,Control,GABA,Tv11.tif,670,13.500274123066069,0.07407257,1,,7.359027101388541,asymmetric,,0,2
J3 iba gaba GA3 hippo,GA3,Control,GABA,Tv59.tif,707,15.618890939258788,0.12805006500000007,2,,,none,,0,0
J3 iba gaba GA3 hippo,GA3,Control,GABA,Tv2.tif,676,14.603846565562286,0.06847511000000002,1,429.61478572404724,76.62177262112884,asymmetric,-352.9930131029184,2,2
J3 iba gaba GA3 hippo,GA3,Control,GABA,Tv67.tif,712,17.82152050183263,0.168335805,3,,,none,,0,0
J3 iba gaba GA3 hippo,GA3,Control,GABA,Tv66.tif,711,10.858790818262552,0.09209128500000001,1,49.6098780486306,,symmetric,,1,0
J4 iba gaba GA4 hippo,GA4,Control,GABA,Tv107.tif,799,0.0,0.026873495000000018,0,,980.83944057474,asymmetric,,0,1
J4 iba gaba GA4 hippo,GA4,Control,GABA,Tv107.tif,798,12.129719097539196,0.08244214,1,,1335.1449097382651,asymmetric,,0,1
J4 iba gaba GA4 hippo,GA4,Control,GABA,Tv75.tif,784,51.112580313836354,0.215211205,11,,185.20255468211917,asymmetric,,0,1
J4 iba gaba GA4 hippo,GA4,Control,GABA,Tv108.tif,800,17.46311495431583,0.11452710500000005,2,,135.8177087128183,asymmetric,,0,2
J4 iba gaba GA4 hippo,GA4,Control,GABA,Tv87.tif,791,19.6976805461357,0.913813175,18,6.713012072486868,,symmetric,,1,0
J4 iba gaba GA4 hippo,GA4,Control,GABA,Tv103.tif,795,23.994259613330126,0.04167663499999997,1,384.39767168909856,,symmetric,,2,0
J4 iba gaba GA4 hippo,GA4,Control,GABA,Tv102.tif,794,15.793727600052263,0.12663255000000012,2,993.6532040908439,7.8025746245872245,asymmetric,-985.8506294662567,1,1
J4 iba gaba GA4 hippo,GA4,Control,GABA,Tv81.tif,787,19.664042585394498,0.254271215,5,,,none,,0,0
J4 iba gaba GA4 hippo,GA4,Control,GABA,Tv104.tif,796,55.82752671809478,0.14329848499999992,8,,,none,,0,0
J4 iba gaba GA4 hippo,GA4,Control,GABA,Tv79.tif,786,28.970088921204788,0.24162853000000004,7,,0.0,asymmetric,,0,2
J4 iba gaba GA4 hippo,GA4,Control,GABA,Tv85.tif,790,21.047376381391928,0.14253558000000002,3,660.3784748157681,711.0953381931289,symmetric,50.71686337736082,1,1
J4 iba gaba GA4 hippo,GA4,Control,GABA,Tv93.tif,792,16.607812730303653,0.12042525000000001,2,830.2435365602071,,symmetric,,1,0
J4 iba gaba GA4 hippo,GA4,Control,GABA,Tv76.tif,785,18.427152685889947,0.21707097500000003,4,192.49999999999997,,symmetric,,3,0
J4 iba gaba GA4 hippo,GA4,Control,GABA,Tv110.tif,801,32.372049373687844,0.24712677000000002,8,93.91964650700076,,symmetric,,1,0
J4 iba gaba GA4 hippo,GA4,Control,GABA,Tv95.tif,793,17.905968313609005,0.949404115,17,,0.0,asymmetric,,0,1
J4 iba gaba GA4 hippo,GA4,Control,GABA,Tv82.tif,788,12.357520873706381,0.16184476000000003,2,,,none,,0,0
J4 iba gaba GA4 hippo,GA4,Control,GABA,Tv83.tif,789,19.891121965696364,0.20109474000000005,4,,0.0,asymmetric,,0,1
J4 iba gaba GA4 hippo,GA4,Control,GABA,Tv106.tif,797,29.96379025766313,0.06674722999999999,2,58.34149466717499,247.36825995766466,symmetric,189.02676529048966,1,1
K1 iba gaba LPS1 hippo,LPS1,LPS,GABA,Tv36.tif,31,21.7342874685532,0.0920205,2,,87.11555544218267,asymmetric,,0,2
K1 iba gaba LPS1 hippo,LPS1,LPS,GABA,Tv57.tif,40,28.38229403226435,0.140932935,4,,,none,,0,0
K1 iba gaba LPS1 hippo,LPS1,LPS,GABA,Tv56.tif,39,11.649112425001556,0.7725910500000002,9,,,none,,0,0
K1 iba gaba LPS1 hippo,LPS1,LPS,GABA,Tv20.tif,21,27.68552959317331,0.18059976000000008,5,122.11981821145984,932.8933915512534,symmetric,810.7735733397936,1,1
K1 iba gaba LPS1 hippo,LPS1,LPS,GABA,Tv21.tif,22,19.75388911746961,0.35436059999999997,7,,,none,,0,0
K1 iba gaba LPS1 hippo,LPS1,LPS,GABA,Tv51.tif,37,17.605746668806148,1.306391625,23,,,none,,0,0
K1 iba gaba LPS1 hippo,LPS1,LPS,GABA,Tv19.tif,19,19.477990819925537,0.30803998499999996,6,,151.22561872454244,asymmetric,,0,1
K1 iba gaba LPS1 hippo,LPS1,LPS,GABA,Tv27.tif,25,7.5336257736186125,0.13273821000000002,1,599.4838529935564,,symmetric,,1,0
K1 iba gaba LPS1 hippo,LPS1,LPS,GABA,Tv12.tif,16,4.94732851433852,0.4042585800000001,2,,,none,,0,0
K1 iba gaba LPS1 hippo,LPS1,LPS,GABA,Tv46.tif,36,10.933926229127744,0.8231260950000004,9,,0.0,asymmetric,,0,1
K1 iba gaba LPS1 hippo,LPS1,LPS,GABA,Tv30.tif,28,5.3085027057571,0.5651311050000001,3,406.537207685163,,symmetric,,1,0
K1 iba gaba LPS1 hippo,LPS1,LPS,GABA,Tv31.tif,29,0.0,0.5406612749999999,0,282.57529648708675,,symmetric,,1,0
K1 iba gaba LPS1 hippo,LPS1,LPS,GABA,Tv17.tif,18,5.39716495560346,0.18528246,1,3.462330423105666,,symmetric,,2,0
K1 iba gaba LPS1 hippo,LPS1,LPS,GABA,Tv16.tif,17,8.909871636593065,0.44894025000000004,4,219.14032034292555,0.0,asymmetric,-219.14032034292555,2,1
K1 iba gaba LPS1 hippo,LPS1,LPS,GABA,Tv29.tif,26,10.45195180270561,0.2870277300000001,3,315.7867006255502,,symmetric,,4,0
K1 iba gaba LPS1 hippo,LPS1,LPS,GABA,Tv55.tif,38,15.659426193309807,1.0217488050000003,16,,299.126288557976,asymmetric,,0,1
K1 iba gaba LPS1 hippo,LPS1,LPS,GABA,Tv22.tif,23,0.0,0.6704101800000002,0,235.96678012834346,,symmetric,,1,0
K1 iba gaba LPS1 hippo,LPS1,LPS,GABA,Tv42.tif,34,2.718367626764209,1.1036034900000005,3,,,none,,0,0
K1 iba gaba LPS1 hippo,LPS1,LPS,GABA,Tv39.tif,33,13.061285051509461,0.3828107250000001,5,,,none,,0,0
K1 iba gaba LPS1 hippo,LPS1,LPS,GABA,Tv38.tif,32,9.576198511818049,0.4177022850000002,4,,,none,,0,0
K1 iba gaba LPS1 hippo,LPS1,LPS,GABA,Tv45.tif,35,3.533157972103705,0.8490987449999997,3,,,none,,0,0
K1 iba gaba LPS1 hippo,LPS1,LPS,GABA,Tv33.tif,30,11.338500325726763,0.7937557650000003,9,32.824829196276184,,symmetric,,1,0
K1 iba gaba LPS1 hippo,LPS1,LPS,GABA,Tv11.tif,15,21.85065188688572,0.09153045000000004,2,,,none,,0,0
K1 iba gaba LPS1 hippo,LPS1,LPS,GABA,Tv58.tif,41,17.406381301229697,0.22980078000000004,4,,,none,,0,0
K1 iba gaba LPS1 hippo,LPS1,LPS,GABA,Tv3.tif,27,7.023752117178381,0.42712213499999996,3,,,none,,0,0
K1 iba gaba LPS1 hippo,LPS1,LPS,GABA,Tv2.tif,20,14.570650947681901,0.48041779500000004,7,,,none,,0,0
K1 iba gaba LPS1 hippo,LPS1,LPS,GABA,Tv9.tif,14,4.958080237281819,0.40338193500000014,2,785.4002325458142,,symmetric,,1,0
K1 iba gaba LPS1 hippo,LPS1,LPS,GABA,Tv25.tif,24,4.492679044716263,0.6677530200000001,3,,,none,,0,0
K2 iba gaba LPS2 hippo,LPS2,LPS,GABA,Tv69.tif,79,0.0,0.17010724500000002,0,,228.54582678446383,asymmetric,,0,5
K2 iba gaba LPS2 hippo,LPS2,LPS,GABA,Tv20.tif,69,10.202048640230787,0.392078115,4,,540.8446472269807,asymmetric,,0,1
K2 iba gaba LPS2 hippo,LPS2,LPS,GABA,Tv21.tif,70,3.3802313389765604,0.2958377400000001,1,,,none,,0,0
K2 iba gaba LPS2 hippo,LPS2,LPS,GABA,Tv15.tif,65,25.39063975335025,0.23630755499999997,6,601.5240144832125,,symmetric,,1,0
K2 iba gaba LPS2 hippo,LPS2,LPS,GABA,Tv7.tif,80,10.622634571651025,0.282415815,3,604.960006485532,,symmetric,,1,0
K2 iba gaba LPS2 hippo,LPS2,LPS,GABA,Tv6.tif,72,12.508977928002261,0.4796554950000001,6,,,none,,0,0
K2 iba gaba LPS2 hippo,LPS2,LPS,GABA,Tv6.tif,73,5.891656907136999,0.16973154000000004,1,,,none,,0,0
K2 iba gaba LPS2 hippo,LPS2,LPS,GABA,Tv63.tif,76,0.0,0.19978794,0,0.0,,symmetric,,2,0
K2 iba gaba LPS2 hippo,LPS2,LPS,GABA,Tv62.tif,75,5.704980402251323,0.17528544,1,,,none,,0,0
K2 iba gaba LPS2 hippo,LPS2,LPS,GABA,Tv19.tif,68,8.172966450503964,0.12235459500000001,1,,,none,,0,0
K2 iba gaba LPS2 hippo,LPS2,LPS,GABA,Tv1.tif,62,3.3219029973098904,0.30103226999999994,1,183.22559017929711,,symmetric,,1,0
K2 iba gaba LPS2 hippo,LPS2,LPS,GABA,Tv65.tif,77,12.267502083558554,0.4890971250000001,6,,,none,,0,0
K2 iba gaba LPS2 hippo,LPS2,LPS,GABA,Tv72.tif,82,0.0,0.06292241999999998,0,,1134.1248334109152,asymmetric,,0,1
K2 iba gaba LPS2 hippo,LPS2,LPS,GABA,Tv17.tif,67,16.199587995878495,0.12345993000000004,2,,,none,,0,0
K2 iba gaba LPS2 hippo,LPS2,LPS,GABA,Tv16.tif,66,0.0,0.203626665,0,,66.41121893174386,asymmetric,,0,1
K2 iba gaba LPS2 hippo,LPS2,LPS,GABA,Tv61.tif,74,9.800319951045438,0.3061124550000001,3,736.9055909680698,,symmetric,,1,0
K2 iba gaba LPS2 hippo,LPS2,LPS,GABA,Tv77.tif,83,8.671794333343152,0.5765819399999998,5,,,none,,0,0
K2 iba gaba LPS2 hippo,LPS2,LPS,GABA,Tv70.tif,81,0.0,0.27401418,0,,,none,,0,0
K2 iba gaba LPS2 hippo,LPS2,LPS,GABA,Tv10.tif,63,8.074154977106945,0.12385196999999999,1,,527.0453508063929,asymmetric,,0,1
K2 iba gaba LPS2 hippo,LPS2,LPS,GABA,Tv11.tif,64,30.87568156909229,0.16193974499999983,5,405.8463379162119,,symmetric,,1,0
K2 iba gaba LPS2 hippo,LPS2,LPS,GABA,Tv3.tif,71,0.0,0.19494733500000005,0,,,none,,0,0
K2 iba gaba LPS2 hippo,LPS2,LPS,GABA,Tv67.tif,78,12.661477360170606,0.15795944999999995,2,614.9787069484601,,symmetric,,1,0
